"contrast","estimate","SE","df","t.ratio","p.value"
"interacting - unknown",0.0587209753427737,0.0273498474895597,42,2.14703118052813,0.0925886415672436
"interacting - (non-interacting)",0.113233025628282,0.0265924094719746,42,4.25809574523953,0.000328167356485998
"unknown - (non-interacting)",0.0545120502855087,0.0255680789038236,42,2.13203543725597,0.0955147550026706
