"contrast","estimate","SE","df","t.ratio","p.value"
"interacting - unknown",0.00449746791822289,0.0198547905785207,42,0.226518023468267,0.972129089822094
"interacting - (non-interacting)",-0.0214090565472261,0.0193049237750183,42,-1.10899461695522,0.513943998755422
"unknown - (non-interacting)",-0.025906524465449,0.0185613046772673,42,-1.39572755880558,0.352265686857035
